CountryName	CountryCode	1991	1992	1993	1994	1995	1996	1997	1998	1999	2000	2001	2002	2003	2004	2005	2006	2007	2008	2009	2010	2011	2012	2013	2014
Aruba	ABW						2.768			4.506	15.443	17.100	18.800	20.800	23.000	25.400	28.000	30.900	52.000	58.000	62.000	69.000	74.000	78.900	83.780
Andorra	AND						1.527	3.050	6.886	7.636	10.539		11.260	13.546	26.838	37.606	48.937	70.870	70.040	78.530	81.000	81.000	86.434	94.000	95.900
Afghanistan	AFG											0.005	0.005	0.088	0.106	1.224	2.107	1.900	1.840	3.550	4.000	5.000	5.455	5.900	6.390
Angola	AGO						0.001	0.006	0.018	0.072	0.105	0.136	0.270	0.371	0.465	1.143	1.908	3.200	4.600	6.000	10.000	14.776	16.937	19.100	21.260
Albania	ALB					0.011	0.032	0.049	0.065	0.081	0.114	0.326	0.390	0.972	2.420	6.044	9.610	15.036	23.860	41.200	45.000	49.000	54.656	57.200	60.100
Arab World	ARB					0.017	0.038	0.131	0.262	0.599	1.140	1.561	2.693	3.646	7.007	8.393	11.655	14.206	18.594	21.545	24.536	26.534	29.954	32.342	34.517
United Arab Emirates	ARE					0.103	0.375	3.296	6.908	14.943	23.625	26.272	28.316	29.478	30.131	40.000	52.000	61.000	63.000	64.000	68.000	78.000	85.000	88.000	90.400
Argentina	ARG		0.003	0.030	0.044	0.086	0.142	0.280	0.831	3.284	7.039	9.781	10.882	11.914	16.037	17.721	20.927	25.947	28.113	34.000	45.000	51.000	55.800	59.900	64.700
Armenia	ARM				0.009	0.053	0.095	0.112	0.129	0.971	1.300	1.631	1.960	4.575	4.899	5.253	5.632	6.021	6.210	15.300	25.000	32.000	37.500	41.900	46.300
American Samoa	ASM																								
Antigua and Barbuda	ATG					2.201	2.858	3.481	4.072	5.301	6.482	8.899	12.500	17.229	24.267	27.000	30.000	34.000	38.000	42.000	47.000	52.000	58.000	63.400	64.000
Australia	AUS	1.097	1.769	1.975	2.232	2.760	3.275	16.369	30.813	40.784	46.756	52.689				63.000	66.000	69.450	71.670	74.250	76.000	79.488	79.000	83.000	84.560
Austria	AUT	0.259	0.643	0.765	1.393	1.890	6.909	9.534	15.421	23.044	33.730	39.185	36.560	42.700	54.280	58.000	63.600	69.370	72.870	73.450	75.170	78.740	80.030	80.619	81.000
Azerbaijan	AZE				0.001	0.002	0.006	0.025	0.037	0.099	0.148	0.306	5.000			8.030	11.992	14.540	17.080	27.400	46.000	50.000	54.200	58.700	61.000
Burundi	BDI	0.000	0.000	0.000	0.000	0.000	0.001	0.008	0.016	0.039	0.077	0.106	0.118	0.201	0.349	0.542	0.658	0.700	0.810	0.900	1.000	1.110	1.220	1.300	1.380
Belgium	BEL	0.020	0.100	0.199	0.696	0.992	2.968	4.938	7.887	13.772	29.432	31.288	46.330	49.970	53.860	55.820	59.720	64.440	66.000	70.000	75.000	81.610	80.720	82.170	85.000
Benin	BEN						0.002	0.025	0.048	0.155	0.225	0.363	0.703	0.951	1.183	1.271	1.538	1.790	1.850	2.240	3.130	4.148	4.500	4.900	5.300
Burkina Faso	BFA						0.001	0.019	0.045	0.062	0.077	0.158	0.201	0.373	0.400	0.470	0.633	0.750	0.920	1.130	2.400	3.000	3.725	9.100	9.400
Bangladesh	BGD							0.001	0.004	0.036	0.071	0.130	0.140	0.164	0.199	0.242	1.000	1.800	2.500	3.100	3.700	4.500	5.000	6.630	9.600
Bulgaria	BGR			0.002	0.020	0.120	0.725	1.220	1.845	2.908	5.371	7.612	9.080	12.040	18.130	19.970	27.090	33.640	39.670	45.000	46.230	47.980	51.900	53.062	55.490
Bahrain	BHR					0.346	0.843	1.646	3.218	4.720	6.154	15.039	18.051	21.555	21.459	21.304	28.244	32.910	51.950	53.000	55.000	77.000	88.000	90.000	91.000
"Bahamas, The"	BHS					0.960	1.747	1.363	2.336	3.765	8.000	11.800	18.000	20.000	22.000	25.000	26.000	27.000	31.540	33.880	43.000	65.000	71.748	72.000	76.920
Bosnia and Herzegovina	BIH						0.015	0.059	0.144	0.194	1.083	1.201	2.648	3.965	15.469	21.327	25.122	27.920	34.660	37.740	42.750	47.770	52.780	57.790	60.800
Belarus	BLR				0.000	0.003	0.029	0.049	0.074	0.495	1.860	4.301	8.951				16.200	19.700	23.000	27.430	31.800	39.649	46.910	54.170	59.020
Belize	BLZ					0.045	0.883	1.289	2.092	4.077	5.964		5.684		9.800	17.000	24.000	24.600	26.300	27.200	28.200	30.700	31.000	33.600	38.700
Bermuda	BMU					6.838	16.202	24.189	32.104	39.948	42.950	47.510	52.032	56.522	60.991	65.447	69.900	74.351	82.300	83.250	84.210	88.336	91.299	95.300	96.800
Bolivia	BOL					0.067	0.196	0.448	0.626	0.982	1.443	2.120	3.117	3.509	4.440	5.228	6.201	10.499	12.500	16.800	22.400	30.000	35.340	36.940	39.020
Brazil	BRA	0.003	0.013	0.025	0.038	0.105	0.451	0.786	1.478	2.039	2.871	4.528	9.149	13.208	19.074	21.023	28.178	30.880	33.830	39.220	40.650	45.690	48.560	51.040	57.600
Barbados	BRB					0.008	0.389	0.783	1.970	2.376	3.974	11.936	27.836	39.690	49.800	52.500	55.300	58.200	61.400	64.700	65.100	67.000	70.000	73.000	76.670
Brunei Darussalam	BRN					1.017	3.303	4.831	6.285	7.671	8.996	12.918	15.330	19.595	29.716	36.466	42.186	44.680	46.000	49.000	53.000	56.000	60.273	64.500	68.770
Bhutan	BTN									0.138	0.401	0.865	1.676	2.437	3.157	3.847	4.518	5.920	6.550	7.170	13.600	21.000	24.000	29.900	34.370
Botswana	BWA	0.000				0.065	0.157	0.308	0.602	1.122	2.903	3.431	3.386	3.345	3.305	3.263	4.290	5.280	6.250	6.150	6.000	8.000	11.500	15.000	18.500
Central African Republic	CAF						0.006	0.014	0.028	0.041	0.053	0.079	0.129	0.152	0.223	0.268	0.311	0.376	1.000	1.800	2.000	2.200	3.000	3.500	4.030
Canada	CAN	0.570	0.916	1.185	2.379	4.164	6.760	15.072	24.897	36.186	51.300	60.200	61.593	64.200	65.956	71.660	72.400	73.200	76.700	80.300	80.300	83.000	83.000	85.800	87.120
Central Europe and the Baltics	CEB			0.149	0.389	0.622	1.068	1.790	3.512	4.959	7.038	10.215	18.194	22.513	29.150	34.647	40.659	45.114	50.483	54.870	58.350	58.857	61.510	63.284	66.929
Switzerland	CHE	1.180	1.752	2.167	2.720	3.552	4.550	15.100	24.800	34.000	47.100	55.100	61.400	65.100	67.800	70.100	75.700	77.200	79.200	81.300	83.900	85.193	85.200	86.340	87.000
Channel Islands	CHI																								
Chile	CHL		0.037	0.072	0.141	0.347	0.683	1.057	1.662	4.103	16.600	19.100	22.100	25.474	28.178	31.175	34.498	35.900	37.300	41.560	45.000	52.250	61.418	66.500	72.350
China	CHN			0.000	0.001	0.005	0.013	0.032	0.169	0.708	1.776	2.640	4.596	6.200	7.300	8.523	10.523	16.000	22.600	28.900	34.300	38.300	42.300	45.800	49.300
Cote d'Ivoire	CIV					0.000	0.008	0.019	0.061	0.119	0.231	0.396	0.498	0.759	0.849	1.039	1.525	1.800	1.900	2.000	2.700	2.900	5.000	8.400	14.600
Cameroon	CMR							0.007	0.013	0.129	0.252	0.277	0.361	0.588	0.976	1.403	2.029	2.930	3.400	3.840	4.300	5.000	5.699	6.400	11.000
"Congo, Rep."	COG						0.004	0.003	0.003	0.017	0.026	0.032	0.157	0.460	1.078	1.463	2.008	2.760	4.288	4.500	5.000	5.600	6.107	6.600	7.110
Colombia	COL				0.107	0.188	0.330	0.551	1.126	1.698	2.208	2.854	4.600	7.389	9.119	11.007	15.342	21.800	25.600	30.000	36.500	40.351	48.980	51.700	52.570
Comoros	COM							0.000	0.038	0.148	0.272	0.443	0.555	0.848	1.327	2.000	2.200	2.500	3.000	3.500	5.100	5.500	5.975	6.500	6.980
Cabo Verde	CPV							0.241	0.473	1.160	1.822	2.685	3.519	4.325	5.319	6.074	6.809	8.283	14.000	21.000	30.000	32.000	34.740	37.500	40.260
Costa Rica	CRI		0.001	0.082	0.280	0.417	0.841	1.640	2.666	3.904	5.800	9.559	19.895	20.334	20.792	22.070	25.100	28.400	32.290	34.330	36.500	39.212	47.500	45.960	49.410
Caribbean small states	CSS					0.194	0.554	0.905	1.944	3.379	4.941	8.358	11.822	14.976	16.891	19.489	22.345	24.494	27.724	31.927	35.819	42.689	43.261	46.294	49.274
Cuba	CUB					0.000	0.032	0.068	0.227	0.315	0.541	1.080	3.771	5.241	8.408	9.738	11.160	11.690	12.940	14.330	15.900	16.017	21.200	27.930	30.000
Curacao	CUW																								
Cayman Islands	CYM			0.000	0.000	3.949										38.034	44.500	52.000	61.000	64.500	66.000	69.466	74.127	74.100	74.100
Cyprus	CYP		0.050	0.056	0.111	0.410	0.673	4.378	8.891	11.342	15.255	18.819	28.320	30.090	33.830	32.810	35.830	40.770	42.310	49.810	52.990	56.860	60.690	65.455	69.330
Czech Republic	CZE			0.581	1.259	1.454	1.940	2.916	3.896	6.833	9.781	14.697	23.930	34.300	35.500	35.270	47.930	51.930	62.970	64.430	68.820	70.490	73.430	74.110	79.710
Germany	DEU	0.250	0.435	0.464	0.923	1.838	3.055	6.711	9.878	20.846	30.216	31.651	48.820	55.900	64.730	68.710	72.160	75.160	78.000	79.000	82.000	81.270	82.350	84.170	86.190
Djibouti	DJI					0.016	0.031	0.083	0.095	0.106	0.195	0.344	0.487	0.626	0.781	0.954	1.270	1.620	2.260	4.000	6.500	7.000	8.267	9.500	10.710
Dominica	DMA					0.549	1.166		2.925	2.932	8.815	13.245	18.425	23.620	30.320	38.544	39.398	40.274	41.160	42.020	47.450	51.314	55.177	59.000	62.860
Denmark	DNK	0.194	0.387	0.578	1.344	3.826	5.715	11.382	22.669	30.592	39.172	42.958	64.250	76.260	80.930	82.740	86.650	85.030	85.020	86.840	88.720	89.810	92.260	94.630	95.990
Dominican Republic	DOM					0.017	0.075	0.143	0.234	1.105	3.705	4.429	6.824	7.898	8.866	11.483	14.845	17.660	20.820	27.720	31.400	38.000	41.200	45.900	49.580
Algeria	DZA				0.000	0.002	0.002	0.010	0.020	0.200	0.492	0.646	1.592	2.195	4.634	5.844	7.376	9.451	10.180	11.230	12.500	14.000	15.228	16.500	18.090
East Asia & Pacific (developing only)	EAP			0.001	0.004	0.013	0.034	0.094	0.324	0.853	1.897	2.779	4.405	5.762	6.885	8.319	10.174	14.382	19.259	23.768	28.956	32.384	36.109	39.393	42.132
East Asia & Pacific (all income levels)	EAS			0.079	0.117	0.210	0.465	1.080	1.883	3.406	5.593	7.252	8.994	10.547	12.597	14.666	16.618	20.766	25.253	29.512	34.229	37.364	40.747	44.413	46.891
Europe & Central Asia (developing only)	ECA				0.024	0.048	0.134	0.286	0.587	1.156	1.965	2.837	5.548	6.645	9.430	10.831	13.298	17.961	22.253	27.194	31.991	37.197	41.565	44.493	48.182
Europe & Central Asia (all income levels)	ECS		0.263	0.318	0.565	1.024	1.843	3.361	5.437	9.245	13.185	16.406	23.059	28.364	32.360	35.226	38.082	43.673	47.357	50.725	56.246	59.226	63.898	66.344	69.203
Ecuador	ECU		0.005	0.016	0.035	0.044	0.086	0.110	0.125	0.823	1.462	2.670	4.261	4.460	4.834	5.994	7.200	10.800	18.800	24.600	29.030	31.367	35.135	40.354	43.000
"Egypt, Arab Rep."	EGY			0.001	0.006	0.031	0.061	0.090	0.148	0.290	0.641	0.839	2.720	4.038	11.920	12.750	13.660	16.030	18.010	20.000	21.600	25.600	26.400	29.400	31.700
Euro area	EMU	0.170	0.326	0.469	0.848	1.702	2.881	5.109	8.018	15.238	22.519	27.345	35.186	42.086	47.473	51.244	54.919	61.365	64.824	67.115	71.022	72.059	74.082	75.811	78.300
Eritrea	ERI			0.000	0.000	0.000	0.000	0.009	0.009	0.025	0.137	0.158	0.227					0.410	0.470	0.540	0.610	0.700	0.800	0.900	0.990
Spain	ESP	0.026	0.077	0.128	0.280	0.381	1.332	2.803	4.362	7.085	13.625	18.149	20.390	39.930	44.010	47.880	50.370	55.110	59.600	62.400	65.800	67.600	69.810	71.635	76.190
Estonia	EST		0.065	0.301	1.160	2.779	3.525	5.706	10.796	14.501	28.577	31.527	41.520	45.320	53.200	61.450	63.510	66.190	70.580	72.500	74.100	76.500	78.390	79.400	84.240
Ethiopia	ETH					0.000	0.002	0.005	0.010	0.013	0.015	0.037	0.072	0.106	0.155	0.220	0.311	0.370	0.450	0.540	0.750	1.100	1.483	1.900	2.900
European Union	EUU	0.172	0.310	0.434	0.827	1.582	2.806	5.120	8.422	14.583	20.557	25.300	35.140	41.823	46.832	50.972	54.546	60.295	64.189	67.215	70.631	71.558	73.699	75.536	78.102
Fragile and conflict affected situations	FCS								0.074	0.125	0.267	0.257	0.649	0.945	1.354	1.868	2.434	3.591	3.641	4.467	6.704	7.455	8.602	10.025	11.531
Finland	FIN	1.397	1.887	2.568	4.915	13.900	16.780	19.459	25.453	32.295	37.248	43.105	62.430	69.220	72.390	74.480	79.660	80.780	83.670	82.490	86.890	88.710	89.880	91.514	92.380
Fiji	FJI			0.007	0.008	0.009	0.064	0.223	0.633	0.942	1.497	1.858	6.153	6.725	7.413	8.454	9.600	10.898	13.000	17.000	20.000	28.000	33.742	37.100	41.800
France	FRA	0.140	0.279	0.591	0.900	1.638	2.584	4.255	6.320	9.125	14.308	26.326	30.180	36.140	39.150	42.870	46.870	66.090	70.680	71.580	77.280	77.820	81.440	81.920	83.750
Faeroe Islands	FRO					0.000	2.319	4.601	11.338	22.298	32.916	43.247	53.299	58.913	66.534	67.903	69.359	75.980	75.570	75.180	75.200	80.732	85.335	90.000	94.660
"Micronesia, Fed. Sts."	FSM						0.278	0.571	1.859	2.798	3.735	4.661	5.570	9.233	11.018	11.881	12.750	13.621	14.490	15.350	20.000	22.800	25.974	27.800	29.650
Gabon	GAB						0.000	0.048	0.170	0.249	1.216	1.348	1.940	2.660	2.979	4.893	5.489	5.767	6.210	6.700	7.230	8.000	8.617	9.200	9.810
United Kingdom	GBR	0.174	0.261	0.520	1.037	1.895	4.124	7.385	13.670	21.294	26.822	33.481	56.480	64.820	65.610	70.000	68.820	75.090	78.390	83.560	85.000	85.380	87.480	89.844	91.610
Georgia	GEO					0.012	0.040	0.061	0.103	0.416	0.485	0.992	1.588	2.559	3.886	6.079	7.527	8.260	10.010	20.070	26.900	31.520	36.940	43.300	48.900
Ghana	GHA					0.000	0.006	0.028	0.032	0.105	0.154	0.200	0.830	1.193	1.717	1.831	2.723	3.850	4.270	5.440	7.800	9.000	10.600	12.300	18.900
Guinea	GIN				0.000	0.001	0.002	0.004	0.006	0.061	0.095	0.176	0.402	0.451	0.509	0.542	0.637	0.780	0.920	0.940	1.000	1.300	1.490	1.600	1.720
"Gambia, The"	GMB					0.009	0.036	0.051	0.206	0.716	0.922	1.337	1.797	2.437	3.308	3.799	5.238	6.205	6.880	7.630	9.200	10.870	12.449	14.000	15.560
Guinea-Bissau	GNB							0.016	0.024	0.118	0.230	0.300	1.023	1.354	1.808	1.901	2.057	2.206	2.355	2.303	2.450	2.672	2.894	3.100	3.320
Equatorial Guinea	GNQ							0.041	0.094	0.097	0.132	0.165	0.321	0.521	0.844	1.150	1.279	1.557	1.820	2.130	6.000	11.500	13.943	16.400	18.860
Greece	GRC	0.049	0.048	0.191	0.378	0.750	1.395	1.850	3.222	6.877	9.139	10.935	14.670	17.800	21.420	24.000	32.250	35.880	38.200	42.400	44.400	51.650	55.070	59.866	63.210
Grenada	GRD	0.000	0.000	0.000	0.000	0.000	0.298	0.991	1.485	2.473	4.064	5.128	14.759	18.645	19.571	20.488	21.396	22.290	23.180	24.050	27.000	30.000	32.000	35.000	37.380
Greenland	GRL				0.065	0.054	1.797	7.955	14.654	21.603	31.748	35.464	44.155	54.534	56.099	57.703	59.362	61.070	62.820	62.830	63.000	64.000	64.896	65.800	66.700
Guatemala	GTM					0.003	0.020	0.095	0.467	0.593	0.712	1.738	3.392	4.549	5.100	5.700	6.500	7.300	8.300	9.300	10.500	12.300	16.000	19.700	23.400
Guam	GUM				0.348	0.660	1.356	2.345	4.501	8.497	16.113	25.380	31.192	33.717	36.162	38.560	43.851	46.150	48.419	50.642	54.040	57.700	61.534	65.400	69.270
Guyana	GUY						0.066	0.132	0.264	3.966	6.611	13.207						13.800	18.200	23.900	29.900	31.000	33.000	35.000	37.350
High income	HIC	0.462	0.594	0.831	1.668	3.079	5.617	8.869	13.364	19.362	26.101	31.418	38.615	43.146	48.160	51.789	54.540	60.095	62.279	63.882	67.574	68.928	74.213	78.141	80.608
"Hong Kong SAR, China"	HKG	0.121	0.850	1.335	2.784	3.219	4.749	10.519	14.546	21.231	27.828	38.671	43.082	52.200	56.400	56.900	60.800	64.800	66.700	69.400	72.000	72.200	72.900	74.200	74.560
Honduras	HND					0.037	0.044	0.171	0.301	0.574	1.204	1.415	2.597	4.800	5.600	6.500	7.800	9.400	9.600	9.800	11.090	15.900	18.120	17.800	19.080
Heavily indebted poor countries (HIPC)	HPC						0.009	0.024	0.044	0.106	0.173	0.258	0.395	0.604	0.915	1.213	1.558	2.427	2.527	3.153	4.930	5.389	6.380	7.332	8.865
Croatia	HRV			0.097	0.268	0.514	0.859	1.730	3.273	4.405	6.645	11.559	17.760	22.750	30.910	33.140	37.980	41.440	44.240	50.580	56.550	57.790	61.940	66.748	68.570
Haiti	HTI						0.007		0.024	0.071	0.231	0.341	0.893	1.647	5.401	6.376	6.796	7.200	7.600	8.100	8.370	9.000	9.800	10.600	11.400
Hungary	HUN	0.003	0.048	0.193	0.484	0.677	0.969	1.942	3.895	5.858	7.000	14.529	16.670	21.630	27.740	38.970	47.060	53.300	61.000	62.000	65.000	68.020	70.580	72.644	76.130
Indonesia	IDN				0.001	0.026	0.057	0.195	0.255	0.444	0.926	2.019	2.134	2.387	2.600	3.602	4.765	5.786	7.917	6.920	10.920	12.280	14.520	14.940	17.140
Isle of Man	IMN																								
India	IND		0.000	0.000	0.001	0.026	0.046	0.071	0.139	0.273	0.528	0.660	1.538	1.686	1.976	2.388	2.805	3.950	4.380	5.120	7.500	10.070	12.580	15.100	18.000
Not classified	INX																								
Ireland	IRL	0.057	0.170	0.281	0.558	1.108	2.199	4.088	8.096	10.934	17.850	23.139	25.850	34.310	36.990	41.610	54.820	61.158	65.340	67.380	69.850	74.890	76.920	78.248	79.690
"Iran, Islamic Rep."	IRN				0.000	0.004	0.016	0.047	0.100	0.379	0.934	1.484	4.626	6.934	7.490	8.100	8.760	9.470	12.020	13.800	15.900	19.000	22.730	29.950	39.350
Iraq	IRQ											0.100	0.500	0.600	0.900	0.900	0.952	0.930	1.000	1.060	2.500	5.000	7.100	9.200	11.300
Iceland	ISL	0.505	1.539	2.668	6.795	11.216	14.806	27.479	36.264	41.295	44.471	49.393	79.120	83.140	83.880	87.000	89.510	90.600	91.000	93.000	93.390	94.820	96.210	96.547	98.160
Israel	ISR	0.215	0.311	0.399	0.577	0.930	2.168	4.399	10.307	13.436	20.874	17.379	17.765	19.593	22.770	25.194	27.881	48.128	59.390	63.120	67.500	68.874	70.800	70.800	71.450
Italy	ITA	0.035	0.070	0.122	0.192	0.524	1.023	2.277	4.559	14.378	23.111	27.222	28.040	29.040	33.240	35.000	37.990	40.790	44.530	48.830	53.680	54.390	55.830	58.459	61.960
Jamaica	JAM				0.037	0.109	0.591	0.798	1.979	2.356	3.116	3.863	6.100	7.800	10.000	12.800	16.400	21.100	23.600	24.300	27.670	37.439	33.790	37.100	40.500
Jordan	JOR					0.023	0.045	0.599	1.306	2.527	2.623	4.706	6.026	8.466	11.659	12.933	13.867	20.000	23.000	26.000	27.200	34.900	37.000	41.000	44.000
Japan	JPN	0.040	0.097	0.401	0.800	1.594	4.373	9.163	13.414	21.391	29.991	38.532	46.594	48.435	62.394	66.921	68.685	74.300	75.400	78.000	78.210	79.054	79.496	89.710	90.580
Kazakhstan	KAZ				0.001	0.011	0.032	0.065	0.131	0.464	0.669	1.006	1.675	2.000	2.650	2.962	3.268	4.020	11.000	18.200	31.600	50.600	53.316	54.000	54.890
Kenya	KEN					0.001	0.009	0.034	0.050	0.114	0.318	0.620	1.208	2.942	3.024	3.102	7.534	7.950	8.670	10.040	14.000	28.000	32.100	39.000	43.400
Kyrgyz Republic	KGZ								0.073	0.205	1.041	3.003	2.999	3.909	5.090	10.534	12.307	14.030	15.700	16.000	16.300	17.500	19.800	23.000	28.300
Cambodia	KHM							0.006	0.016	0.032	0.047	0.077	0.227	0.261	0.300	0.317	0.468	0.490	0.510	0.530	1.260	3.100	4.940	6.800	9.000
Kiribati	KIR								0.617	1.212	1.785	2.337	2.500	3.000	3.500	4.000	4.500	6.000	7.000	8.970	9.070	10.000	10.747	11.500	12.250
St. Kitts and Nevis	KNA						1.946	2.259	3.344	4.400	5.863	7.715	21.152	22.970	24.738	34.000	38.500	43.500	49.200	55.700	63.000	63.200	64.000	64.600	65.400
"Korea, Rep."	KOR	0.046	0.098	0.250	0.311	0.820	1.624	3.601	6.782	23.552	44.700	56.600	59.400	65.500	72.700	73.500	78.100	78.800	81.000	81.600	83.700	83.759	84.070	84.770	84.330
Kosovo																									
Kuwait	KWT			0.091	0.147	0.203	0.856	2.175	3.052	4.756	6.731	8.552	10.249	22.403	22.927	25.926	28.791	34.800	42.000	50.800	61.400	65.769	70.450	75.460	78.700
Latin America & Caribbean (developing only)	LAC		0.014	0.027	0.046	0.099	0.298	0.601	1.174	1.728	3.097	4.721	8.326	10.777	13.976	16.116	20.422	23.104	25.797	30.112	33.138	37.682	41.048	43.937	47.466
Lao PDR	LAO								0.010	0.038	0.111	0.182	0.268	0.334	0.361	0.850	1.170	1.640	3.550	6.000	7.000	9.000	10.748	12.500	14.260
Lebanon	LBN					0.072	0.140	1.241	2.722	5.377	7.953	6.783	7.000	8.000	9.000	10.140	15.000	18.740	22.530	30.140	43.680	52.000	61.250	70.500	74.700
Liberia	LBR							0.004	0.004	0.011	0.018	0.034	0.033	0.032	0.031			0.551	0.530	2.000	2.300	2.500	2.600	3.200	5.410
Libya	LBY									0.134	0.187	0.367	2.244	2.815	3.533	3.918	4.301	4.722	9.000	10.800	14.000	14.000		16.500	17.760
St. Lucia	LCA					0.306	0.670	0.992	1.305	1.932	5.090	8.182	14.642	20.982	21.395	21.568	24.500	27.900	32.000	36.000	43.300	44.000	45.900	46.200	51.000
Latin America & Caribbean (all income levels)	LCN		0.014	0.030	0.050	0.110	0.309	0.610	1.230	2.052	3.904	5.651	8.887	11.287	14.402	16.630	20.753	23.703	26.500	31.034	34.710	39.350	43.353	46.544	50.153
Least developed countries: UN classification	LDC							0.009	0.021	0.057	0.099	0.145	0.236	0.356	0.555	0.784	1.127	1.956	2.185	2.793	4.471	5.063	5.937	7.146	8.636
Low income	LIC						0.003	0.011	0.026	0.065	0.104	0.151	0.323	0.507	0.687	0.953	1.206	1.404	1.904	2.375	3.288	3.724	4.405	5.608	6.291
Liechtenstein	LIE										36.515	45.117	59.471	58.810	64.007	63.371	64.214	65.080	70.000	75.000	80.000	85.000	89.408	93.800	95.210
Sri Lanka	LKA				0.003	0.005	0.054	0.162	0.296	0.348	0.647	0.794	1.050	1.459	1.446	1.792	2.538	3.880	5.800	8.780	12.000	15.000	18.285	21.900	25.800
Lower middle income	LMC				0.002	0.022	0.039	0.074	0.159	0.274	0.552	0.865	1.591	2.105	2.915	3.675	4.640	5.869	7.347	8.675	11.808	14.425	17.154	19.542	22.555
Low & middle income	LMY				0.011	0.033	0.071	0.144	0.336	0.680	1.378	1.960	3.381	4.372	5.552	6.587	8.157	10.598	13.456	16.259	19.721	22.716	25.625	28.267	31.137
Lesotho	LSO						0.003	0.006	0.011	0.054	0.212	0.261	1.084	1.532	2.176	2.580	2.980	3.445	3.580	3.720	3.860	4.225	4.590	5.000	11.000
Lithuania	LTU						0.277	0.978	1.972	2.923	6.427	7.179	17.690	25.910	31.230	36.220	43.900	49.900	55.220	59.760	62.120	63.640	67.230	68.453	72.130
Luxembourg	LUX		0.153	0.302	0.496	1.591	5.552	7.143	11.746	17.388	22.887	36.163	39.840	54.550	65.880	70.000	72.510	78.920	82.230	87.310	90.620	90.030	91.950	93.777	94.670
Latvia	LVA						0.813	2.053	3.315	4.387	6.319	7.219	21.940	26.980	38.580	46.000	53.630	59.170	63.410	66.840	68.420	69.750	73.120	75.234	75.830
"Macao SAR, China"	MAC				0.037	0.280	0.727	2.364	7.003	9.212	13.609	22.521	25.172	25.742	31.484	34.863	46.400	47.327	49.240	54.000	55.198	60.204	61.310	65.800	69.780
St. Martin (French part)	MAF																								
Morocco	MAR					0.004	0.006	0.022	0.142	0.176	0.694	1.371	2.373	3.353	11.608	15.084	19.771	21.500	33.100	41.300	52.000	46.107	55.416	56.000	56.800
Monaco	MCO										42.185	46.646	48.047	49.491	52.490	55.465	61.476	64.378	67.250	70.100	75.000	80.300	87.000	90.700	92.400
Moldova	MDA				0.001	0.003	0.005	0.028	0.261	0.601	1.283	1.488	3.787	7.408	10.629	14.630	19.621	20.450	23.390	27.500	32.300	38.000	43.370	45.000	46.600
Madagascar	MDG						0.004	0.014	0.063	0.169	0.196	0.223	0.340	0.423	0.525	0.568	0.608	0.650	1.650	1.630	1.700	1.900	2.300	3.000	3.700
Maldives	MDV	0.000	0.000	0.000	0.000	0.000	0.227	0.309	0.570	1.120	2.204	3.617	5.348	5.977	6.588	6.870	11.036	16.300	23.200	24.800	26.530	34.000	38.930	44.100	49.280
Middle East & North Africa (all income levels)	MEA					0.037	0.084	0.228	0.487	0.919	1.693	2.077	3.757	5.129	8.351	9.753	11.792	15.041	18.737	21.598	24.853	27.697	31.270	34.670	38.261
Mexico	MEX	0.006	0.017	0.028	0.043	0.103	0.200	0.627	1.266	1.857	5.081	7.038	11.900	12.900	14.100	17.210	19.520	20.810	21.710	26.340	31.050	37.176	39.750	43.460	44.390
Marshall Islands	MHL	0.000	0.000	0.000	0.000	0.000	0.037			0.966	1.534	1.707	2.335	2.570	3.600	3.879	3.796	3.950	4.600	5.600	7.000	10.000	12.500	14.000	16.800
Middle income	MIC			0.005	0.012	0.034	0.076	0.155	0.363	0.735	1.499	2.134	3.679	4.752	6.036	7.150	8.852	11.556	14.686	17.759	21.508	24.810	28.000	30.778	34.052
"Macedonia, FYR"	MKD					0.041	0.076	0.504	1.003	1.497	2.486	3.468	17.330	19.070	24.440	26.450	28.620	36.300	46.040	51.770	51.900	56.700	57.450	65.240	68.060
Mali	MLI						0.002	0.010	0.020	0.061	0.143	0.186	0.227	0.310	0.433	0.507	0.730	0.810	1.570	1.800	2.000	2.200	2.800	3.500	7.000
Malta	MLT					0.225	1.052	3.921	6.501	7.760	13.114	17.878	28.920	31.640	34.620	41.240	40.410	46.900	50.080	58.860	63.000	68.020	68.200	68.914	73.170
Myanmar	MMR									0.000		0.000	0.000	0.024	0.024	0.065	0.182	0.217	0.220	0.220	0.250	0.980	1.069	1.600	2.100
Middle East & North Africa (developing only)	MNA				0.003	0.013	0.026	0.074	0.158	0.417	0.842	1.141	2.817	4.050	7.417	8.539	9.912	11.848	14.967	17.671	20.619	22.767	25.793	28.970	32.662
Montenegro	MNE														25.350	27.100	28.900	30.800	32.900	35.100	37.500	35.612	56.839	60.310	61.000
Mongolia	MNG					0.009	0.018	0.113	0.146	0.508	1.256	1.653	2.040					9.000	9.800	10.000	10.200	12.500	16.400	20.000	27.000
Northern Mariana Islands	MNP																								
Mozambique	MOZ						0.003	0.012	0.020	0.056	0.110	0.160	0.260	0.420	0.679	0.854	0.843	0.910	1.560	2.680	4.170	4.300	4.849	5.400	5.940
Mauritania	MRT							0.004	0.041	0.118	0.192	0.261	0.363	0.424	0.481	0.670	0.980	1.434	1.870	2.280	4.000	4.500	5.000	6.200	10.700
Mauritius	MUS						0.184	0.476	2.565	4.652	7.282	8.781	10.253	12.187	13.689	15.172	16.700	20.220	21.810	22.510	28.330	34.950	35.420	39.000	41.440
Malawi	MWI							0.005	0.018	0.087	0.127	0.164	0.215	0.279	0.348	0.384	0.425	0.966	0.700	1.070	2.260	3.330	4.351	5.050	5.830
Malaysia	MYS		0.001	0.026	0.100	0.146	0.852	2.307	6.752	12.306	21.385	26.696	32.338	34.971	42.252	48.629	51.638	55.700	55.800	55.900	56.300	61.000	65.800	66.970	67.500
North America	NAC	1.105	1.645	2.165	4.618	8.737	15.469	20.975	29.586	35.882	43.879	50.162	59.057	61.940	64.874	68.328	69.270	74.824	74.267	71.917	72.540	71.043	79.668	84.360	87.338
Namibia	NAM					0.006	0.009	0.059	0.287	0.336	1.645	2.417	2.634	3.360	3.805	4.010	4.399	4.836	5.329	6.500	11.600	12.000	12.941	13.900	14.840
New Caledonia	NCL					0.005	0.253	0.989	1.936	5.688	13.940	18.237	22.390	26.408	30.298	32.359	33.516	35.050	34.510	33.990	42.000	50.000	58.000	66.000	70.000
Niger	NER						0.001	0.002	0.003	0.028	0.036	0.105	0.127	0.156	0.190	0.221	0.294	0.390	0.700	0.760	0.830	1.300	1.408	1.700	1.950
Nigeria	NGA						0.009	0.017	0.025	0.041	0.064	0.090	0.320	0.559	1.286	3.549	5.545	6.770	15.860	20.000	24.000	28.430	32.800	38.000	42.680
Nicaragua	NIC				0.013	0.030	0.084	0.206	0.304	0.498	0.980	1.449	1.715	1.880	2.321	2.566	2.806	3.900	5.300	7.300	10.000	10.600	13.500	15.500	17.600
Netherlands	NLD	0.531	1.320	1.967	3.257	6.473	9.649	14.066	22.244	39.176	43.984	49.373	61.290	64.350	68.520	81.000	83.700	85.820	87.420	89.630	90.720	91.420	92.860	93.956	93.170
High income: nonOECD	NOC		0.051	0.103	0.206	0.325	0.677	1.504	2.662	4.310	6.593	8.917	11.493	15.145	18.898	21.546	25.259	31.417	34.484	38.027	47.439	52.577	62.421	66.956	69.899
Norway	NOR	1.407	2.216	2.784	4.152	6.423	18.250	20.418	22.560	40.000	52.000	64.000	72.840	78.130	77.690	81.990	82.550	86.930	90.570	92.080	93.390	93.490	94.650	95.053	96.300
Nepal	NPL	0.000	0.000	0.000	0.000	0.001	0.005	0.022	0.064	0.147	0.205	0.240	0.313	0.383	0.450	0.827	1.141	1.410	1.730	1.970	7.930	9.000	11.149	13.300	15.440
New Zealand	NZL		0.286	0.631	3.169	4.884	8.042	14.602	31.636	41.494	47.380	53.241	59.081	60.963	61.848	62.720	69.000	69.760	72.030	79.700	80.460	81.230	82.000	82.780	85.500
High income: OECD	OEC	0.475	0.731	1.016	2.051	3.870	7.079	11.051	16.533	23.816	31.871	38.067	46.790	51.586	56.986	60.743	63.229	68.630	70.579	71.627	73.623	73.852	77.770	81.520	83.846
OECD members	OED	0.433	0.668	0.882	1.777	3.348	6.120	9.575	14.332	20.692	27.928	33.451	41.564	45.758	50.552	54.162	56.613	61.881	63.914	65.319	67.619	68.551	72.197	75.751	78.051
Oman	OMN						0.000	0.440	0.863	2.516	3.520	5.894	6.873	7.256	6.759	6.684	8.300	16.680	20.000	26.800	35.828	48.000	60.000	66.450	70.220
Other small states	OSS						0.067	0.132	0.427	0.797	1.651	2.130	2.537	3.276	4.704	4.978	5.687	6.546	7.509	8.156	10.470	12.511	14.508	16.324	18.393
Pakistan	PAK					0.000	0.003	0.028	0.044	0.055		1.319	2.577	5.041	6.164	6.332	6.500	6.800	7.000	7.500	8.000	9.000	9.960	10.900	13.800
Panama	PAN				0.008	0.056	0.220	0.539	2.751	3.837	6.555	7.268	8.518	9.987	11.141	11.484	17.350	22.290	33.820	39.080	40.100	42.700	40.302	44.030	44.920
Peru	PER				0.009	0.033	0.246	0.403	1.190	1.952	3.076	7.579	8.967	11.600	14.100	17.100	20.700	25.200	30.570	31.400	34.770	36.010	38.200	39.200	40.200
Philippines	PHL				0.006	0.029	0.056	0.137	1.103	1.432	1.982	2.524	4.332	4.858	5.244	5.398	5.741	5.970	6.220	9.000	25.000	29.000	36.235	37.000	39.690
Palau	PLW												20.244	21.602	26.970										
Papua New Guinea	PNG						0.002	0.101	0.235	0.667	0.835	0.904	1.322	1.374	1.508	1.716	1.754	1.791	1.150	1.610	1.280	2.000	3.500	6.500	9.380
Poland	POL	0.005	0.052	0.130	0.389	0.648	1.295	2.073	4.102	5.456	7.285	9.901	21.150	24.870	32.530	38.810	44.580	48.600	53.130	58.970	62.320	61.950	62.310	62.849	66.600
Puerto Rico	PRI				0.027	0.135	0.268	1.332	2.648	5.266	10.475	15.630	17.548	19.707	22.131	23.400	25.442	27.860	38.000	41.500	45.300	48.000	69.000	73.900	78.780
"Korea, Dem. Rep."	PRK							0.000	0.000	0.000	0.000	0.000	0.000	0.000	0.000	0.000	0.000	0.000	0.000	0.000	0.000	0.000	0.000		0.000
Portugal	PRT	0.100	0.250	0.450	0.719	1.494	2.981	4.953	9.870	14.742	16.430	18.087	19.370	29.670	31.780	34.990	38.010	42.090	44.130	48.270	53.300	55.250	60.340	62.096	64.590
Paraguay	PRY						0.020	0.100	0.195	0.382	0.748	1.099	1.795	2.112	3.452	7.907	7.962	11.210	14.270	18.900	19.800	24.764	29.340	36.900	43.000
Pacific island small states	PSS					0.022	0.131	0.285	0.612	0.871	1.458	1.855	3.996	4.548	5.174	5.583	6.498	7.398	8.697	10.878	12.987	17.508	20.903	22.925	26.633
French Polynesia	PYF						0.091	0.214	1.316	3.449	6.357	6.252	8.200	14.124	17.885	21.542	25.108	28.590	33.870	44.600	49.000	49.000	52.877	56.800	60.680
Qatar	QAT					0.190	0.930	3.084	3.520	4.071	4.864	6.170	10.226	19.242	20.702	24.733	28.974	37.000	44.300	53.100	69.000	69.000	69.300	85.300	91.490
Romania	ROU			0.004	0.026	0.075	0.222	0.445	2.238	2.698	3.614	4.539	6.580	8.900	15.000	21.500	24.660	28.300	32.420	36.600	39.930	40.010	45.880	49.765	54.080
Russian Federation	RUS		0.001	0.013	0.054	0.148	0.270	0.473	0.813	1.019	1.977	2.944	4.128	8.299	12.859	15.227	18.023	24.660	26.830	29.000	43.000	49.000	63.800	67.970	70.520
Rwanda	RWA						0.001	0.002	0.012	0.067	0.063	0.241	0.293	0.357	0.431	0.556		2.115	4.500	7.700	8.000	7.000	8.024	9.000	10.600
South Asia	SAS		0.000	0.000	0.001	0.022	0.041	0.060	0.117	0.226	0.474	0.664	1.463	1.843	2.184	2.547	2.983	3.973	4.417	5.157	7.207	9.396	11.516	13.750	16.610
Saudi Arabia	SAU					0.011	0.027	0.052	0.101	0.494	2.211	4.681	6.385	8.002	10.235	12.705	19.460	30.000	36.000	38.000	41.000	47.500	54.000	60.500	63.700
Sudan	SDN				0.000	0.000	0.000	0.001	0.005	0.009	0.026	0.140	0.439	0.538	0.792	1.292		8.660			16.700	17.304	21.000	22.700	24.640
Senegal	SEN					0.001	0.011	0.027	0.080	0.311	0.404	0.984	1.006	2.101	4.386	4.787	5.612	6.890	7.120	7.500	8.000	9.800	10.800	13.100	17.700
Singapore	SGP	0.162	0.471	0.763	1.185	2.873	8.350	13.472	19.591	24.155	36.000	41.670	47.000	53.838	62.000	61.000	59.000	69.900	69.000	69.000	71.000	71.000	72.000	81.000	82.000
Solomon Islands	SLB					0.025	0.269	0.392	0.508	0.495	0.481	0.469	0.502	0.556	0.650	0.844	1.646	2.000	3.000	4.000	5.000	6.000	6.997	8.000	9.000
Sierra Leone	SLE			0.000	0.000	0.000	0.003	0.005	0.015	0.048	0.118	0.160	0.176	0.190	0.203	0.215	0.228	0.240	0.250	0.260	0.580	0.900	1.300	1.700	2.100
El Salvador	SLV						0.086	0.257	0.425	0.845	1.177	1.500	1.900	2.500	3.200	4.200	5.500	6.110	10.080	12.110	15.900	18.900	20.321	23.109	29.700
San Marino	SMR					1.362	1.428	1.419	1.409	42.803	48.799	50.342	50.835	50.003	50.566	50.260	50.209	50.365	54.520	54.210		49.600			
Somalia	SOM					0.000	0.002	0.003	0.007	0.014	0.020	0.079	0.116	0.376	1.053	1.077	1.100	1.122	1.143	1.161		1.250	1.377	1.500	1.630
Serbia	SRB														23.500	26.300	27.200	33.150	35.600	38.100	40.900	42.200	48.100	51.500	53.500
Sub-Saharan Africa (developing only)	SSA						0.069	0.129	0.234	0.359	0.501	0.641	0.880	1.190	1.581	2.138	3.064	3.827	5.810	7.133	10.016	12.479	14.570	16.871	19.218
South Sudan	SSD																				7.000			14.100	15.900
Sub-Saharan Africa (all income levels)	SSF						0.069	0.129	0.234	0.360	0.501	0.642	0.881	1.191	1.583	2.140	3.066	3.829	5.810	7.129	10.016	12.482	14.573	16.874	19.221
Small states	SST						0.239	0.371	0.882	1.527	2.550	3.780	4.901	6.210	7.694	8.388	9.587	11.110	12.634	14.265	16.889	20.254	21.957	24.026	26.380
Sao Tome and Principe	STP								0.296	0.363	4.639	6.311	7.581	10.162	13.323	13.759	14.182	14.590	15.480	16.410	18.750	20.161	21.572	23.000	24.410
Suriname	SUR					0.115	0.226	1.003	1.670	1.892	2.506	3.064	4.162	4.720	6.076	6.403	9.500	14.110	21.060	31.360	31.590	32.000	34.681	37.400	40.080
Slovak Republic	SVK			0.128	0.319	0.523	0.783	1.173	2.690	5.438	9.427	12.528	40.140	43.040	52.890	55.190	56.080	61.800	66.050	70.000	75.710	74.440	76.710	77.883	79.980
Slovenia	SVN			0.410	1.072	2.899	5.072	7.592	10.105	12.611	15.110	30.176	27.839	31.855	40.810	46.810	54.010	56.740	58.000	64.000	70.000	67.340	68.350	72.676	71.590
Sweden	SWE	1.161	1.498	1.716	3.413	5.098	9.044	23.728	33.468	41.433	45.688	51.766	70.570	79.130	83.890	84.830	87.760	82.010	90.000	91.000	90.000	92.770	93.180	94.784	92.520
Swaziland	SWZ					0.001	0.050	0.089	0.096	0.471	0.926	1.282	1.816	2.437	3.229	3.697	3.697	4.100	6.850	8.940	11.040	18.130	20.782	24.700	27.100
Sint Maarten (Dutch part)	SXM																								
Seychelles	SYC						0.651	1.283	2.526	6.229	7.396	11.015	14.304	14.593	24.272	25.413	34.952	38.380	40.440		41.000	43.164	47.076	50.400	54.260
Syrian Arab Republic	SYR	0.000	0.000	0.000	0.000	0.000	0.000	0.033	0.064	0.124	0.182	0.354	2.093	3.398	4.322	5.648	7.833	11.500	14.000	17.300	20.700	22.500	24.300	26.200	28.090
Turks and Caicos Islands	TCA																								
Chad	TCD							0.001	0.004	0.012	0.036	0.046	0.166	0.320	0.361	0.399	0.581	0.847	1.190	1.500	1.700	1.900	2.100	2.300	2.500
Togo	TGO	0.000	0.000	0.000	0.000	0.000	0.011	0.211	0.306	0.590	0.800	0.900	1.000	1.200	1.500	1.800	2.000	2.200	2.400	2.600	3.000	3.500	4.000	4.500	5.700
Thailand	THA	0.000	0.000	0.014	0.039	0.075	0.115	0.361	1.091	2.426	3.689	5.556	7.531	9.299	10.677	15.026	17.161	20.030	18.200	20.100	22.400	23.670	26.460	28.940	34.890
Tajikistan	TJK									0.033	0.049	0.051	0.055	0.065	0.077	0.299	3.772	7.198	8.780	10.070	11.550	13.030	14.510	16.000	17.490
Turkmenistan	TKM									0.045	0.133	0.175	0.302	0.425	0.754	0.997	1.320	1.406	1.750	1.950	3.000	5.000	7.196	9.600	12.200
Timor-Leste	TLS												0.000			0.099	0.117	0.141	0.164	0.185	0.210	0.900	0.915	1.100	1.140
Tonga	TON					0.123	0.164	0.511	0.765	1.018	2.434	2.825	2.907	2.986	3.952	4.908	5.854	7.180	8.111	10.000	16.000	25.000	33.000	35.000	40.000
Trinidad and Tobago	TTO					0.158	0.393	1.173	2.725	5.814	7.721	15.385	21.999	25.972	27.024	28.977	30.004	32.300	34.800	44.300	48.500	55.200	59.516	63.800	65.100
Tunisia	TUN				0.007	0.011	0.028	0.044	0.108	1.602	2.751	4.298	5.253	6.491	8.529	9.655	12.986	17.100	27.530	34.070	36.800	39.100	41.442	43.800	46.160
Turkey	TUR			0.008	0.050	0.082	0.193	0.474	0.699	2.292	3.762	5.189	11.380	12.330	14.580	15.460	18.240	28.630	34.370	36.400	39.820	43.066	45.130	46.250	51.040
Tuvalu	TUV										5.242							10.000	15.000	20.000	25.000	30.000	35.000	37.000	
"Taiwan, China"	TWN																								
Tanzania	TZA						0.002	0.008	0.009	0.075	0.117	0.171	0.222	0.677	0.878	1.100	1.300	1.600	1.900	2.400	2.900	3.200	3.950	4.400	4.860
Uganda	UGA					0.003	0.005	0.010	0.065	0.106	0.164	0.238	0.384	0.465	0.720	1.742	2.529	3.672	7.900	9.780	12.500	13.014	14.690	16.200	17.710
Ukraine	UKR			0.001	0.014	0.043	0.099	0.199	0.301	0.405	0.716	1.239	1.874	3.148	3.489	3.750	4.506	6.550	11.000	17.900	23.300	28.708	35.270	41.000	43.400
Upper middle income	UMC			0.008	0.018	0.045	0.111	0.240	0.580	1.239	2.456	3.527	5.990	7.730	9.554	11.085	13.560	18.050	22.990	28.103	32.805	36.946	40.786	44.068	47.721
Uruguay	URY				0.062	0.310	1.847	3.363	6.987	9.973	10.539	11.121	11.419	15.937	17.063	20.088	29.400	34.000	39.300	41.800	46.400	51.405	54.454	57.690	61.460
United States	USA	1.163	1.724	2.272	4.863	9.237	16.419	21.616	30.093	35.849	43.079	49.081	58.785	61.697	64.758	67.968	68.931	75.000	74.000	71.000	71.690	69.729	79.300	84.200	87.360
Uzbekistan	UZB					0.002	0.004	0.011	0.021	0.031	0.484	0.598	1.082	1.913	2.594	3.344	6.388	7.491	9.080	17.058	20.000	30.200	36.521	38.200	43.550
St. Vincent and the Grenadines	VCT					0.129	0.483	0.926	1.854	2.782	3.245	5.095	5.550	6.462	7.371	9.198	12.000	16.000	21.000	31.000	38.500	43.010	47.520	52.000	56.480
"Venezuela, RB"	VEN		0.012	0.042	0.055	0.122	0.248	0.391	1.384	2.840	3.360	4.636	4.910	7.500	8.404	12.553	15.225	20.830	25.880	32.700	37.370	40.220	49.050	54.900	57.000
Virgin Islands (U.S.)	VIR				0.941	2.802	4.647	6.948	9.245	11.075	13.815	18.376	27.494	27.429	27.377	27.344	27.333	27.339	27.362	27.397	31.220	35.600	40.548	45.300	50.070
Vietnam	VNM						0.000	0.004	0.013	0.129	0.254	1.266	1.855	3.780	7.642	12.740	17.255	20.755	23.920	26.550	30.650	35.070	39.490	43.900	48.310
Vanuatu	VUT						0.057	0.140	0.274	0.538	2.108	2.831	3.510	3.903	4.747	5.082	5.851	6.800	7.269	7.500	8.000	9.200	10.598	11.300	18.800
West Bank and Gaza	PSE										1.111	1.837	3.100	4.131	4.401	16.005	18.410	21.176	24.358	32.230	37.400	41.080	43.400	46.600	53.670
World	WLD			0.254	0.450	0.782	1.334	2.053	3.157	4.654	6.770	8.096	10.586	12.285	14.182	15.800	17.619	20.552	23.287	25.800	29.196	31.824	35.150	37.991	40.689
Samoa	WSM							0.175	0.230	0.285	0.566	1.690	2.245	2.800	3.076	3.353	4.469	4.750	5.032	6.000	7.000	11.000	12.922	15.300	21.200
"Yemen, Rep."	YEM						0.001	0.015	0.023	0.057	0.083	0.091	0.519	0.605	0.881	1.049	1.248	5.010	6.890	9.960	12.350	14.905	17.447	20.000	22.550
South Africa	ZAF	0.013	0.039	0.114	0.247	0.677	0.842	1.632	2.906	4.116	5.349	6.347	6.710	7.008	8.425	7.489	7.607	8.065	8.430	10.000	24.000	33.970	41.000	46.500	49.000
"Congo, Dem. Rep."	COD						0.000	0.000	0.000	0.001	0.006	0.011	0.093	0.135	0.196	0.238	0.296	0.370	0.440	0.560	0.720	1.200	1.680	2.200	3.000
Zambia	ZMB				0.007	0.009	0.009	0.009	0.030	0.147	0.191	0.233	0.478	0.980	2.014	2.852	4.160	4.870	5.550	6.310	10.000	11.500	13.468	15.400	17.340
Zimbabwe	ZWE				0.002	0.008	0.017	0.033	0.082	0.162	0.401	0.800	3.994	6.395	6.564	8.016	9.792	10.850	11.400	11.360	11.500	15.700	17.090	18.500	19.890
